GLHDID,BottleID,Tributary_name,Watershed_area ,Strahler_order,Agriculture,Urban,Forest,Wetland,Herbaceous,Shrubland,Barren,Open_water,Saturated_K,Drift_thickness ,Igneous,Carbonate,Metamorphic,Iron_formation,Sandstone,Shale,Bedrock_water,DOC,SUVA,E2E3,Flow,Discharge,Load,Yield
751,1, ,27.1269,2,37.96821605,28.48611526,14.98954912,12.86287781,1.655552238,3.168441658,0.869247868,0,0.27637378,27.8318759,0,0,0,0,100,0,0,5.351863479,3.3,5.270114943,0.033820335,2922076.962,50.58115221,10.55621342
749,2,Waiska River,384.408,4,16.8112006,5.493772242,35.91754074,32.39815509,5.105122682,3.923019292,0.24911032,0.102079041,1.515670058,15.84979801,0,79.43950178,0,0,18.74508335,1.815414872,0,5.800677344,3,5.239766082,0.177767874,15359144.29,78.94600166,1.125582626
746,3,Little Waiska Creek,17.5617,2,5.483523805,3.971711167,67.36022139,12.06887716,6.918464613,3.577102445,0.097370983,0.522728437,2.646863045,10.73766874,0,29.27941779,0,0,70.72058221,0,0,16.51470584,3.43,4.742765273,0.181765258,15704518.27,56.06513022,1.430711034
744,4, ,10.7703,2,0,7.880003343,78.90030918,5.398178324,6.676694243,0.977688644,0.158769951,0.008356313,3.239885886,11.55404674,0,0,0,0,100,0,0,16.78820179,3.69,4.304232804,0.5592129,48315994.56,432.4281513,1.206400961
742,5, ,40.5063,2,0.673228609,2.03079521,77.37907437,14.16224143,2.97731464,1.25980403,0.126646966,1.39089475,2.736571712,2.216385222,0,26.89581621,0,0,73.10418379,0,0,7.657644713,3.64,4.436923077,0.157184204,13580715.19,104.0282783,2.568199968
738,6,Bergman Creek,2.9817,1,0,0.694234832,81.19529128,11.50015092,0.211288862,6.187745246,0,0.211288862,1.193478702,4.937760067,0,0,0,0,100,0,0,22.69290921,3.33,3.463435374,0.016468769,1422901.613,4.652888274,0.274701162
736,7,Halfaday Creek,17.2341,2,1.530106011,1.54055042,89.2631469,4.78353961,0.70499765,2.109770745,0.01044441,0.057444253,2.494386923,6.316869784,0,32.15833725,0,0,67.84166275,0,0,5.404458854,3.42,4.478873239,0.107755062,9310037.382,25.04400056,0.346016753
734,8,Mill Creek,5.4819,1,0.78804794,0.344770974,84.51814152,14.15202758,0.114923658,0.082088327,0,0,2.061445018,5.740400155,0,0,0,0,100,0,0,11.97747817,3.74,5.072368421,0.126215539,10905022.61,70.55549628,0.846616513
732,9,Naomikong Creek,11.6343,2,0,1.059797323,65.60686934,27.91831051,0.673009979,4.579562157,0,0.162450685,1.908313671,5.50672013,0,0,0,0,100,0,0,16.09394284,4.09,4.285894207,0.842527399,72794367.25,650.0536995,7.308548153
730,10,Ankodosh Creek,46.0611,2,0.039078528,0.937884679,66.34947928,19.28720764,5.934074523,4.073936576,0.013677485,3.364661287,1.651216355,5.906926377,0,76.14646632,0,0,23.85353368,0,0,13.66053017,3.72,4.921495327,1.030997445,89078179.21,570.100347,0.863812356
728,11,Roxbury Creek,37.3716,2,0,2.45641075,77.08554089,10.75522589,3.258356613,6.251806184,0.101146325,0.091513342,1.958423719,5.753877708,0,84.04296311,0,0,15.95703689,0,0,12.69277527,4.15,4.570469799,1.631628296,140972684.8,1119.323117,1.188649557
724,12,Galloway Creek,14.5584,2,0,2.182245302,71.06824926,24.49307616,0.179277943,2.070969337,0,0.006181998,1.101425422,4.663440037,0,40.57496136,0,0,59.42503864,0,0,12.05461805,3.77,4.809815951,0.435440174,37622031.04,202.7827473,1.763463181
722,13,Tahquamenon River,2097.3933,5,0.715230663,2.334369048,35.17499078,56.02966311,2.792223089,1.992544746,0.071574559,0.889404004,1.163584308,6.417155925,0,66.64844405,0,0,6.477883762,26.87367219,0,11.47256257,4.1,4.892929293,0.040405057,3490996.918,20.00341234,0.417186232
720,14,Black Creek,16.6689,1,0,1.965336645,4.551590087,92.89995141,0.275363101,0.021597106,0.005399276,0.280762378,0.905339981,23.29732208,0,0,0,0,100,0,0,7.70673373,3.99,3.96,0.066716627,5764316.602,101.3366859,5.407045602
716,15,Shelldrake River,241.7706,3,0,2.129291155,28.18407201,51.57277188,6.140324754,8.239835613,0.013401133,3.720303461,1.370102088,5.506023804,0,0,0,0,100,0,0,5.556634805,4.45,3.947204969,0.022956636,1983453.329,11.44452571,2.311184965
714,16, ,8.7408,1,0,2.481466227,17.95716639,58.02100494,8.23723229,12.63385502,0,0.669275124,1.402787822,5.625737258,0,0,0,0,100,0,0,8.520208861,7.61,3.191162344,0.020605162,1780286.027,25.28006158,4.257192681
704,17, ,197.6895,3,0,2.374177688,60.15251189,28.52017937,2.967380665,3.648448704,0.127017368,2.210284309,2.934334224,5.397435657,0,11.18845462,0,0,88.81154538,0,0,4.003318067,3.03,4.821705426,0.37126158,32077000.48,80.5132712,0.425141811
702,18,Carpenter Creek,4.1409,1,0,8.737231037,48.4242556,34.68811128,6.846337753,0.630297761,0.565094545,0.108672028,1.51027789,4.231341222,0,0,0,0,100,0,0,6.677266926,2.82,5.717647059,0.375313032,32427046,156.9469027,0.842055324
700,19,Sable Creek,48.204,2,0.69081404,1.516056759,75.19044063,10.32673637,2.918222554,0.199775952,3.612770724,5.545182972,1.642065857,5.266880941,0,0,0,0,100,0,0,6.16954624,3.44,5.859459459,0.050887317,4396664.209,48.97883929,3.845730517
698,20,Hurricane River,28.9899,2,0,2.033466828,62.25513024,31.85557729,2.421533017,1.415665456,0.012418118,0.006209059,2.03365103,5.461686598,0,0,0,0,100,0,0,7.734784596,4.06,4.46961326,0.027356252,2363580.205,16.04870959,2.066268777
696,21,Sullivan Creek,25.8228,1,0,1.648543148,69.00529764,21.75867838,6.022584693,0.710999582,0,0.853896557,3.178015796,5.222630863,0,0,0,0,100,0,0,12.95224578,4.37,4.50462963,0.032848135,2838078.853,23.27224659,1.826262573
686,22,Mosquito River,35.8605,2,0,0.592295144,69.19563308,25.81503325,0.650018823,2.534822437,0.155602961,1.056594303,0.6372777,5.262033436,0,75.34696951,0,0,24.65303049,0,0,5.320306254,3.08,5.356687898,0.050357228,4350864.524,53.60265093,3.431579917
684,23,Miners River,68.724,2,1.121005762,2.002357255,77.77763227,17.21974856,0.489785228,0.969093766,0.018334206,0.402042954,1.258059749,10.77363479,0,81.05028811,0,0,18.94971189,0,0,4.16461055,2.57,5.269230769,0.008046094,695182.5189,16.56619943,4.291650327
680,24,Munising Falls Creek,7.4997,1,0.612024481,11.20844834,63.83055322,21.86487459,1.488059522,0.528021121,0.396015841,0.07200288,1.731824533,15.90215198,0,81.39786238,0,0,18.60213762,0,0,3.757171712,2.98,5.097345133,0.592259514,51171222.01,553.16091,3.329703086
678,25,Anna River,60.3117,2,0.599883605,6.531568502,85.34612687,4.913971916,0.547654933,0.592422366,0.307403041,1.160968767,2.705262143,30.97530057,0,41.45464313,0,0,58.54535687,0,0,2.417041561,2.04,5.404255319,0.04218254,3644571.449,20.40960012,0.667176624
676,26,Gongeau Creek,29.4786,2,0.088538804,3.404164377,79.80704647,14.82261708,0.497649142,0.873175795,0.235085791,0.271722538,1.361227634,8.245230856,0,0,0,0,100,0,0,3.881296797,2.61,5.360824742,0.011427001,987292.8879,8.796779631,2.4253597
674,27,Au Train River,308.6919,4,7.739270127,3.172094895,63.82295745,19.31129388,1.295952372,1.224521926,0.05335417,3.380555175,1.523582189,8.699961388,0,60.0490975,0,0,39.9509025,0,0,5.560842435,2.44,6.457943925,0.600589456,51890929.04,249.0764594,2.104559064
670,28,Rock River,91.1376,3,0.966779902,1.262047717,79.17522515,17.71606889,0.367356612,0.145165113,0.001975036,0.365381577,1.529084702,2.150393411,0,0,0,0,100,0,0,4.949333543,3.01,5.282758621,0.041794018,3611003.148,60.62874285,5.629252932
666,29,Laughing Whitefish River,88.9443,2,2.856506825,2.165400144,59.94718043,31.99530493,1.047284649,1.297216348,0,0.691106681,0.491639845,1.776864837,0,0.054652551,0,0,99.94534745,0,0,8.933959143,3.44,5.791208791,0.771176063,66629611.81,277.1791851,4.03322253
664,30,Sand River,76.6908,2,1.519739004,1.260385861,63.23053091,29.86199127,1.58311036,1.140684411,0.215932028,1.187626156,0.505000489,0.856438041,0,0,0,0,100,0,0,10.16819727,3.51,5.358600583,0.217177841,18764165.49,242.9959431,9.410131476
662,31,Chocolay River,308.0007,4,2.586325291,5.698038998,66.17410285,18.42833474,4.451483389,1.551912057,0.367596567,0.742206105,1.512183928,22.2338913,0,0.826366588,11.67461962,0,87.4990138,0,0,2.911438084,2.69,5.075949367,0.035399881,3058549.729,9.848530128,0.488889392
660,32,Carp River,191.1042,3,0.109730712,12.03176068,61.31309516,16.75441984,3.149695297,0.968738521,1.075643549,4.596916237,1.094136706,3.622800039,31.23086777,0,52.6924055,15.78991984,0.286806883,0,0,4.971072965,2.32,6.319148936,0.014943324,1291103.181,20.78676121,3.138950984
656,33,Whetstone Brook,6.1713,1,0.189587283,57.19702494,41.73836955,0.189587283,0.495843663,0.175003646,0,0.014583637,1.584432709,2.52730002,100,0,0,0,0,0,0,3.248048484,2.33,6.253968254,0.068906442,5953516.622,16.61031138,0.417516549
655,34, ,423.0522,4,0.020635751,3.969510146,68.22179391,16.16119713,3.659122917,2.722217258,0.489088581,4.756434312,1.544830538,2.215375628,29.48848865,0,26.75010318,0,43.76140817,0,0,5.441626252,3.5,5.379120879,0.11534983,9966225.337,36.17739797,0.749792186
653,35,Harlow Creek,71.3367,4,0.015139472,1.990840619,88.32999003,5.976306726,2.074107717,0.632072972,0.051726531,0.929815929,1.630148152,1.30508868,32.90564324,0,58.90642544,0,8.187931317,0,0,5.117638743,2.67,5.841666667,0.798501407,68990521.6,385.6570157,1.728523119
651,36,Little Garlic River,43.2531,3,0.129008094,1.683347552,86.39380761,8.922366258,1.724963066,0.299631703,0.002080776,0.84479494,0.722140829,1.054537957,40.13400196,0,22.06870721,0,37.79729083,0,0,3.635150443,2.67,5.588888889,0.069348879,5991743.111,56.14263295,2.835228765
645,37,Salmon Trout River,127.8594,3,0.011966269,2.468570946,74.57519744,10.96673377,3.984767643,6.171779314,0.211873355,1.609111258,1.554497544,1.54227623,0,0,83.40077492,0,16.59922508,0,0,2.603579824,3.19,4.820224719,0.184142477,15909910,107.3918925,1.863510822
632,38,Ravine River,70.1379,4,0.2643364,2.420089566,86.8678703,7.83513621,1.252389935,0.69677022,0,0.663407373,0.777126587,3.407034919,0,0,80.15988941,0,19.84011059,0,0,5.143585794,2.66,5.551181102,0.054074816,4672064.108,6.167124623,0.266038774
630,39,Slate River,48.2499,2,0,3.484359553,86.4617336,7.214937233,1.346738542,0.339482569,0,1.152748503,0.949240324,3.486346448,0,0,100,0,0,0,0,3.628137726,2.24,6.23880597,0.159282638,13762019.89,119.1790922,2.337449933
628,40,Silver River,186.3855,4,0.042975446,2.877423405,78.70832227,11.42567421,2.713730414,3.285931577,0.006277312,0.939665371,0.937401843,3.660471643,0,0,77.30556818,0,22.69443182,0,0,4.837831348,3.12,5.492957746,0.05007979,4326893.883,46.29776454,2.935514757
612,41,Linden Creek,24.246,2,5.326651819,7.698589458,70.48255382,5.256124722,7.854491463,2.91017075,0.055679287,0.415738679,1.614898495,5.133975086,0,0,66.41054195,0,33.58945805,0,0,3.938099802,1.91,5.984848485,0.056993738,4924258.945,52.68957071,2.863345762
610,42,Falls River,124.029,3,0.866410275,5.014149917,81.68420289,7.466802119,2.454103476,1.888106814,0.150932443,0.475292069,1.654040283,3.335050648,0,0,92.78171697,0,7.218283027,0,0,3.189842935,2.82,5.494117647,0.710761567,61409799.38,260.9916474,1.01483356
598,43,Kelsey Creek,12.7359,2,7.151438061,3.738251714,69.28838951,9.257296304,3.22238711,6.013709278,0.007066638,1.321461381,0.61736445,10.30833618,0,0,0,0,100,0,0,11.14296489,3.3,5.353932584,0.018092132,1563160.226,30.51288762,7.29886081
594,44,Jarvi Creek,5.6034,1,20.62319306,5.605525217,52.07195631,17.66784452,0.851268872,2.601991648,0.433665275,0.144555092,0.701423849,6.049107744,0,0,0,0,100,0,0,27.75327062,2.74,4.270855905,0.067452202,5827870.273,49.65345473,5.680653341
593,45,Snake River,4.5432,1,18.60142631,5.229793978,36.15293185,38.66877971,0.752773376,0.416006339,0.118858954,0.059429477,0.67905247,13.91920008,0,0,0,0,100,0,0,14.18648391,4.54,4.004756243,1.547027545,133663179.9,534.6527197,2.704507421
591,46, ,1883.0529,6,4.179457731,2.221833492,68.4194905,19.76546171,1.713632156,2.006613834,0.069493534,1.624017042,1.169928614,10.04295189,2.40459838,0.098906862,8.097933568,0,89.39856119,0,0,6.977411198,3.3,4.622568093,0.051668378,4464147.824,51.78411475,3.103279504
586,47,Pike River,44.7435,2,18.8735794,3.912300111,65.81514633,7.667705924,1.96922458,1.524690737,0.096550337,0.140802575,1.067432684,18.77367066,0,0,0,0,100,0,0,6.216531442,3.22,5.201005025,0.016150429,1395397.028,5.274600765,0.262515902
584,48,Pilgrim River,62.9622,3,11.40112639,7.351553789,64.08416478,12.27450756,2.961777066,1.164984705,0.540324195,0.221561508,1.073354332,4.802691823,49.87135138,2.795963292,0,0,47.33268533,0,0,2.737522712,1.91,5.847826087,0.145548945,12575428.89,101.4837111,1.965036318
572,49, ,16.9281,2,5.954596204,13.7381041,56.36663299,19.94258068,2.163857728,0.930405657,0.797490563,0.106332075,1.304427834,1.976845739,61.1941092,0,0,0,38.8058908,0,0,8.372941811,3.76,4.882882883,0.078286716,6763972.293,64.5959354,1.262724517
570,50,Lovell Creek,4.1805,1,0.021528525,4.434876211,62.08826695,22.86329386,6.846071044,3.573735199,0.172228202,0,3.991173252,9.574306039,0,0,0,0,100,0,0,19.51614857,3.82,3.251447477,0.050365376,4351568.445,41.73154139,3.15925457
568,51,Quincy Creek,5.1759,1,5.494696575,42.18396801,32.37697792,13.84107112,2.121370196,2.225699878,1.75621631,0,1.667587285,2.38034287,85.06346722,0,0,0,14.93653278,0,0,5.40305631,2.24,6.652631579,1.67783883,144965274.9,256.5885366,0.754967492
566,52, ,17.4546,2,5.192327524,12.4007425,38.08909972,41.50768279,1.464370424,0.783747551,0.221718057,0.340311437,1.00716615,1.007165223,95.3439208,0,0,0,4.6560792,0,0,7.678682863,3.3,5.784140969,0.149992731,12959371.95,78.53379402,2.46684678
564,53, ,111.2931,3,11.15729547,9.009453416,60.20588877,15.63412287,1.825180537,1.224334662,0.703547659,0.240176615,1.103121264,8.841903393,57.30355251,0,0,0,42.69644749,0,0,3.215088715,3.07,5.268041237,0.099723092,8616075.147,79.0094091,2.708510192
560,54,McCallum Creek,13.2093,1,12.33222048,2.582271581,35.69530558,43.31266608,2.752606118,3.045581522,0.238468352,0.040880289,0.773555461,12.43232349,0,0,0,0,100,0,0,9.586141792,3.43,5.540716612,9.099042322,786157256.6,5487.377651,2.914085765
556,55,Big Creek,3.1302,1,0,1.063829787,81.08108108,15.2386429,2.271420357,0.287521564,0,0.057504313,0.732632006,14.18705472,0,0,0,0,100,0,0,4.09728847,3.33,5.153284672,0.044419649,3837857.696,19.41955994,1.787383104
554,56,Silver Creek,16.6365,2,0.081146876,2.098999189,58.29591561,38.90181228,0.183932919,0.43819313,0,0,0.664629627,7.521526271,0,0,0,0,100,0,0,12.36317759,3.56,5.509708738,0.380683809,32891081.08,174.9805513,4.879478851
550,57,Lahti Creek,11.1861,2,0.112639794,1.544774318,62.45072009,34.0011264,1.198809236,0.667793065,0.024137099,0,1.219267748,6.221895762,0,0,0,0,100,0,0,6.1779615,3.98,4.635036496,0.048649159,4203287.354,62.04052135,5.211212021
548,58,Mud Lake Creek,33.3747,2,0.342474989,1.361809994,47.03233287,47.68222636,0.962705283,1.008548391,0.013483267,1.596418844,1.069654807,8.794652503,0,0,0,0,100,0,0,13.31690705,4.3,4.650470219,0.076071939,6572615.562,54.81561378,0.558829217
543,59,Traverse River,65.5524,3,0.221044538,3.359602394,64.64797628,30.45746609,0.766104674,0.512109396,0.035696634,0,0.589112093,6.983227995,0,0,0,0,100,0,0,9.305633126,3.89,4.856770833,1.590529231,137421725.6,1029.288725,1.912129373
539,60,Tobacco River,137.2095,3,0.008527106,2.054376701,63.05860746,31.15607884,0.741858253,2.720146929,0,0.26040471,0.517910651,4.898052189,15.72857565,0,0,0,84.27142435,0,0,12.51044463,3.61,5.202672606,1.475136073,127451756.7,685.6904509,0.605387922
537,61,Winters Creek,10.1394,1,0,1.624356471,60.27871472,24.44523345,8.068524765,5.574294337,0.008876265,0,0.769748886,6.653561173,0,0,0,0,100,0,0,17.14585034,3.37,5.649056604,0.032687205,2824174.478,18.86548551,4.555890148
535,62,Big Betsy River,9.3483,1,0,4.322711081,65.89005488,22.42225859,0.885722538,6.459998075,0.019254838,0,0.467452738,5.453448772,0,0,0,0,100,0,0,16.99858329,3.68,5.339901478,0.039228283,3389323.616,20.94601995,1.872504264
533,63,Little Betsy River,4.9518,2,0,0.654307525,91.7302799,7.433660487,0,0.127226463,0.054525627,0,0.435943537,8.671560025,0,0,0,0,100,0,0,5.767016304,3.91,4.57254902,0.011638185,1005539.152,10.78943511,2.437629367
531,64,Mendota Canal,102.4002,3,0,3.118353284,61.3035912,22.4314015,0.586229324,0.917576333,0.041308513,11.60153984,0.538207776,7.38168835,35.04378715,0,0,0,64.95621285,0,0,5.877817227,2.66,6.636363636,0.068986457,5960429.874,86.60504607,7.665723649
527,65,Montreal River,114.9912,2,0,2.991359339,66.81172124,25.37411558,0.933723624,0.897720869,0.014870703,2.976488636,0.600438412,1.545818686,98.6444074,1.355592602,0,0,0,0,0,5.386927062,3.47,5.572254335,0.123649874,10683349.11,124.9951846,3.103958933
519,66, ,40.9932,3,0.028541319,3.53473259,79.66979889,12.98630017,0.294195135,0.794765961,0,2.691665935,0.482236436,1.396059298,54.44166337,45.55833663,0,0,0,0,0,6.497040108,2.6,7.792792793,0.033413906,2886961.479,10.91271439,1.60918888
517,67,Silver River,30.9411,2,0.049448791,2.033217953,73.53617034,16.57988889,2.597515925,1.852875302,0,3.350882806,0.588157999,1.509600047,43.08734984,56.91265016,0,0,0,0,0,6.895786082,1.31,5.284090909,0.068147963,5887983.991,97.21061569,5.53537617
515,68,Cedar Creek,7.767,1,0.208574739,1.819235226,80.03476246,14.7161066,0.753186559,0.33603708,0,2.132097335,0.53630934,1.268361311,86.83661645,13.16338355,0,0,0,0,0,6.788132751,3.67,4.313131313,0.032495483,2807609.73,23.9208349,2.594056748
513,69,Eliza Creek,9.2214,1,0,5.631465938,78.3232481,11.56548897,3.347647863,1.132149131,0,0,0.647816185,1.088571438,79.35779817,20.64220183,0,0,0,0,0,8.521571091,2.66,5.172566372,2.735552608,236351745.3,1455.926751,0.921084259
511,70,Owl Creek,5.0031,1,0,2.212628171,67.6380644,22.59399173,4.461234035,0.431732326,0,2.662349343,0.730457691,0.863600012,79.19740867,20.80259133,0,0,0,0,0,9.415020511,5.3,3.454301075,2.160828602,186695591.2,543.2841705,1.763905635
509,71,Garden City Creek,5.9652,1,0,3.530476765,83.31321666,11.36089318,1.372963186,0.362100181,0.06035003,0,0.621718956,0.961292314,95.83584792,4.164152082,0,0,0,0,0,7.393774283,2.3,6.470588235,0.078392963,6773152.014,41.79034792,1.504169741
499,72,Gratiot River,44.9892,2,0.142034088,3.442826278,67.82427783,23.32759862,2.100504121,2.664639513,0.400096023,0.098023526,0.696275829,2.751573644,90.4705694,8.823176343,0,0,0,0.706254252,0,6.227163689,2.53,5.5,0.051371566,4438503.3,26.32032457,1.223017944
489,73,Muggun Creek,15.0939,2,7.912467951,12.2711824,44.80949258,31.1072685,0.649931429,1.109057301,0.17888021,1.961719635,1.417766766,7.580671073,46.18916985,36.91555344,0,0,13.78816794,3.107108779,0,5.269268738,2.38,6.228571429,0.004941892,426979.4902,3.548199563,0.898051016
487,74, ,3.7611,2,13.59176837,4.020100503,72.50538406,7.824838478,0.143575018,1.41182101,0.430725054,0.071787509,1.064647529,27.77265934,8.161799904,21.39779799,0,0,58.64049785,11.79990426,0,4.75590149,2.4,4.916666667,0.164344228,14199341.3,26.55276822,0.267936971
578,75, ,39.1869,3,9.156886613,5.684297559,47.0636871,32.61064284,1.60079006,0.498380836,0.3904366,2.99487839,0.817521214,16.87660139,37.68951576,18.23026739,0,0,37.99733529,6.082881558,0,3.573179513,1.6,5.120689655,0.087239682,7537508.544,52.08418404,1.030839252
574,76,Swedetown Creek,9.8892,1,2.384419367,13.95158355,52.41172188,25.80997452,1.128503822,3.048780488,1.23771387,0.027302512,1.016639124,2.365828613,37.46130031,40.93971954,0,0,2.913859042,18.68512111,0,2.923597845,1.19,5.774193548,0.36437169,31481714.05,43.75958254,0.566449489
582,77,Cole Creek,20.8089,2,6.45733316,5.371739977,63.87699494,9.420007785,8.040309675,5.172786644,1.193719995,0.467107824,1.311240082,8.38388159,9.610310973,26.72029756,0,0,52.78750919,10.88188227,0,2.071891554,0.93,5.444444444,0.124438576,10751492.95,57.95054701,1.264622057
580,78,Schlot Creek,31.8357,3,13.58097984,3.598790038,59.34187092,14.55064597,4.944449156,2.165493455,1.614225539,0.203545077,1.48591258,28.80598173,0,0,0,0,100,0,0,6.056529497,0.97,5.350877193,2.787698346,240857137.1,652.7228414,1.545101785
481,79,Salmon Trout River,110.2437,4,1.124962243,0.80086209,80.26499473,14.96656952,1.546210804,0.553501016,0.086535557,0.656364037,1.459457025,9.331303553,12.51010262,14.2334664,0,0,69.52234005,3.734090928,0,3.155748227,2.74,5.361445783,0.013554277,1171089.567,10.11821386,2.993200171
471,80,Elm River,63.4968,3,1.01768908,1.756151491,84.67655063,8.844540197,0.840514798,2.239482935,0.017008731,0.608062139,1.289458409,14.75541601,30.98282118,14.7975961,0,0,51.69945572,2.520126999,0,3.49555194,1.58,4.931034483,0.568443175,49113490.29,78.58158446,0.44428831
469,81,South Branch Elm River,11.9052,2,6.932264893,3.129724826,79.2636831,9.721802238,0.491381917,0.438463865,0.015119444,0.007559722,1.134107983,15.86179232,0,0,0,0,100,0,0,14.76107031,3.85,4.332357247,0.341647804,29518370.25,274.816027,4.192310686
467,82,Little Elm River,20.0673,2,5.085885994,1.457595192,84.87240436,7.947257479,0.304973763,0.327398305,0.004484908,0,1.037596426,16.42403106,0,5.395344665,0,0,93.38924519,1.215410145,0,7.437714419,2.79,5.647368421,4.424457462,382273124.7,2557.407204,1.004569535
465,83, ,3.3804,1,9.132055378,5.138445154,82.32161874,2.848775293,0,0.532481363,0,0.026624068,0.40315383,14.32560037,0,0,0,0,100,0,0,8.638744786,2.83,5.408510638,0.104398694,9020047.179,62.23832554,2.011509789
459,84,Misery River,134.5338,4,0.521801956,1.06969401,88.74379524,5.763235707,0.626831324,0.735874553,0.006689769,2.532077441,0.801039196,12.50586502,27.81271324,14.45190725,0,0,55.98065319,1.754726322,0,6.526688945,1.15,5.450704225,1.278137311,110431063.6,287.1207655,2.245597629
445,85,Firesteel River,223.1136,3,3.547340906,2.216180457,83.6819898,6.09510133,1.601426359,2.513069575,0.048809216,0.296082354,0.659554388,10.65403726,24.61840067,7.105573125,0,0,67.33695301,0.93907319,0,5.593693404,2.87,5.587837838,0.02270313,1961550.403,15.30009314,1.039952498
443,86,Flintsteel River,166.1292,3,5.129802587,3.207142393,77.70710989,3.863739788,2.594968254,7.321711054,0.083970789,0.091555247,0.370975395,10.63871001,19.83985958,4.789043708,0,0,73.41159772,1.959498992,0,10.81378149,2.65,6.132780083,0.018066087,1560909.893,14.70377119,2.938932101
441,87,Bear Creek,19.8018,2,3.949640942,2.231615308,73.66148532,3.740569039,1.472593401,14.81228979,0.040905372,0.090900827,0.312222584,13.54623816,0,0,0,0,100,0,0,9.371080375,1.25,3.890322581,0.542035286,46831848.7,225.7295107,1.127451328
439,88,Paddys Creek,29.1708,3,14.15525114,5.33752931,70.32271998,3.196347032,1.231025546,5.609033691,0.077131926,0.070961372,0.355789801,14.04218962,0,0,0,0,100,0,0,9.16602641,2.97,5.474708171,0.022236478,1921231.666,53.31417872,9.514612328
437,89,Ontonagon River,3598.2639,6,3.442835307,2.598328044,68.96113151,17.40266744,1.190048901,2.182302415,0.070859172,4.151827219,0.542376852,17.57307572,11.19887566,1.600271731,10.60846593,3.418748692,71.6317194,0.072610016,1.469308574,7.036394516,2.38,5.897260274,0.105265605,9094948.264,48.65797321,1.793716688
435,90,Dreiss Creek,12.3129,3,8.420437103,5.452817776,68.38681383,7.404429501,3.515824867,6.35918427,0.014618814,0.44587384,0.417116484,14.35100013,0,0,0,0,100,0,0,15.83028028,3.66,4.817307692,0.239842995,20722434.8,160.184421,5.525525132
433,91,Weigel Creek,15.6204,3,10.98755474,3.318737036,54.28094031,6.355150956,3.935238534,20.95528924,0.005761696,0.161327495,0.35472336,13.1431867,0,0,0,0,100,0,0,12.3223928,3.11,5.388586957,0.049916803,4312811.814,12.5934105,1.273450885
431,92,Potato River,57.6288,3,0.317028986,1.446151924,85.60407296,1.927161419,4.885057471,5.659670165,0.104635182,0.056221889,0.365137479,11.01283755,54.19321589,10.50568466,0,0,32.06209395,3.239005497,0,6.747121958,2.65,5.7625,0.011570451,999686.9247,22.68289632,7.6073704
429,93,Floodwood River,15.7716,3,0.952978772,1.272540516,76.24971468,5.369778589,0.285322986,15.73270943,0.022825839,0.114129194,0.327239369,10.83091058,0.233964848,4.850490756,0,0,93.16366126,1.751883132,0,10.69660779,2.81,5.927480916,0.738036289,63766335.39,721.8349166,5.063088563
427,94,Cranberry River,50.9868,3,0.656640542,1.694556238,87.41968509,3.655652051,2.114664972,4.409376545,0.040598743,0.008825814,0.329226759,9.432202065,71.17842265,5.689119537,0,0,22.11042858,1.022029231,0,8.660714853,2.79,5.647058824,1.328831128,114811009.5,570.6107172,2.98586173
425,95,Little Cranberry River,18.4014,3,2.577521276,1.428152206,86.86784701,4.406729923,0.601584662,4.064364668,0,0.053800254,0.339120643,8.7073946,1.951481952,11.00948841,0,0,80.7933092,6.245720434,0,10.70393115,2.69,6.131687243,0.044388238,3835143.725,65.19744332,6.974256637
423,96,Town Line Creek,12.9015,3,4.025113359,5.448203697,83.52982211,2.455528427,2.023020579,2.504359958,0.013951866,0,0.323614277,8.04671995,3.522846181,10.24066969,0,0,81.70212766,4.53435647,0,19.7775691,3.59,4.330254042,9.138716912,789585141.2,8606.478039,0.92948805
421,97,Halfway Creek,30.0447,3,1.386933469,2.719947279,90.36036306,1.18922805,1.051433364,3.265134949,0.014977683,0.011982147,0.340985841,7.126385942,13.42000419,7.135368301,0,0,75.95482731,3.489800198,0,10.29382322,2.96,5.2996633,0.096488637,8336618.275,51.02010385,1.025043474
419,98,Duck Creek,21.2103,3,0,1.260236772,87.12182289,4.132897696,1.773666568,5.673187084,0.016972886,0.021216107,0.321495018,6.074979486,6.653371239,1.892476768,0,0,90.18118556,1.272966436,0,10.17664952,2.84,5.28975265,0.078128784,6750326.925,25.38122924,3.38429927
417,99,Pine Creek,8.829,2,0.458715596,2.303771662,85.91233435,1.111111111,0.723751274,8.032619776,1.26401631,0.193679918,0.315255348,5.198075771,0,0,0,0,100,0,0,10.03750576,2.38,6.971751412,1.548373569,133779476.3,1328.4302,3.891836704
411,100,Mineral River,51.6447,3,0,3.569001272,75.26967917,2.284648764,1.045605841,1.507415088,14.65242319,1.67122667,0.322116867,4.382052226,18.0488995,7.641636025,0,0,55.18881899,19.12064549,0,8.074846382,2.57,6.582822086,0.416072671,35948678.77,115.7547456,1.040089149
409,101,Big Iron River,257.1768,4,0,1.801912148,94.0416865,3.051597189,0.51583191,0.457389625,0.011548476,0.120034155,0.230956071,3.2347458,41.52236905,5.020087348,0,0,49.29099359,4.166550015,0,4.252054604,1.59,8.093023256,0.132994463,11490721.57,62.04989646,3.60041409
407,102,Little Iron River,45.8244,3,0,1.983659361,96.28211171,0.699190824,0.75614738,0.21211407,0.011784115,0.054992537,0.312832141,1.851619267,31.73069369,22.6844214,0,0,39.73014377,5.854741142,0,5.387907104,2.28,6.115384615,0.10023991,8660728.238,49.71258009,1.385998547
405,103,Ash Creek,10.1052,2,0,1.398289989,98.29889562,0.133594585,0,0.151407196,0,0.017812611,0.348348251,2.005263165,8.826148913,91.17385109,0,0,0,0,0,7.803882213,2.31,7.396825397,0.302121054,26103259.04,101.2806451,3.435734569
401,104,Union River,16.8939,2,0,1.885887806,96.71834212,1.283895371,0.042618933,0.058601034,0,0.010654733,0.367244875,1.902822878,59.48004901,40.51995099,0,0,0,0,0,5.576849686,0.96,4.276923077,0.484474905,41858631.83,133.5290355,1.076595276
389,105,Sahwa Creek,7.7931,2,0,4.215267352,95.57685645,0.127035454,0.057743388,0,0,0.023097355,0.349359571,5.801360099,0,99.88451322,0,0,0,0.115486777,0,12.02213521,3,5.303977273,0.70613129,61009743.43,355.0767068,1.227546225
383,106,Presque Isle River,941.6763,4,0.044728746,2.743076363,64.0119009,27.1061935,0.422916028,0.505301025,0.0315395,5.134343935,0.437762487,19.83756882,52.43107424,1.231951999,17.71717096,5.695555893,22.77763601,0.14661089,0,7.93570262,2.96,6.152284264,0.021903048,1892423.331,10.48402525,0.401271683
375,107,Black River,659.9817,4,2.790759198,3.541734566,61.96999099,28.49901747,1.432676088,0.852432727,0.081138613,0.832250349,0.349124013,5.784506256,78.56140557,1.641181869,0,3.775331952,16.02208061,0,0,6.397065546,2.6,6.224637681,4.37994957,378427642.8,855.2464728,1.660145385
361,108,Ikwesens Creek,3.9951,2,1.03626943,2.545618383,95.69722911,0.292858752,0.382969137,0.022527596,0,0.022527596,0.382523101,9.668933445,0,23.67650372,0,0,66.70421266,9.619283622,0,11.21656606,2.58,6.495652174,0.15370077,13279746.53,82.73282089,1.838948479
359,109,Omans Creek,11.6334,3,2.320903605,1.694259632,95.2576203,0.007736345,0.255299397,0.440971685,0.015472691,0.007736345,0.386699416,10.52252748,0,10.83861984,0,0,81.49466192,7.666718242,0,15.53002268,2.59,6.407407407,0.162129136,14007957.32,114.8652501,1.013484123
353,110,Montreal River,699.2253,4,4.336241838,5.490934038,58.51912109,24.50390454,1.375179073,2.361127379,0.11584249,3.297649556,0.355578088,8.718285899,87.80397391,0.914640817,0.36940883,0.771639699,10.11446525,0.025871489,0,9.927655423,3.32,5.490322581,0.10786274,9319340.766,34.94752787,0.582875554
349,111,Oronto Creek,30.591,4,13.57163872,4.062959694,79.13798176,1.391585761,0.750220653,1.017946455,0,0.067666961,0.611134484,25.98544945,19.21447485,12.10355987,0,0,66.19888202,2.48308326,0,5.60101676,2.38,6.097345133,0.033354922,2881865.241,4.293979209,0.244095365
331,112,Bad River,2545.7742,5,5.592974428,3.315199753,70.36853072,13.95579781,0.611283593,4.004612821,0.037084986,2.114515891,0.562438216,26.81375498,42.81717915,5.350384178,6.958189772,1.128811817,43.03993653,0.705498547,0,6.689999782,3.06,5.926966292,0.023289906,2012247.869,19.01574236,1.246893044
329,113,Kakagon River,99.7218,3,12.61439324,3.723759499,58.23180087,18.46807819,1.36820635,2.62179383,0.018050216,2.953917799,0.193502614,39.24626342,0,0,0,0,100,0,0,20.75157544,3.28,5.263785395,0.183437997,15849042.98,211.1092525,6.325427718
325,114, ,4.4262,1,23.62749085,10.37006913,50.08133388,7.828385523,4.798698658,0.630337536,1.891012607,0.772671818,0.136327696,47.35157686,0,0,0,0,100,0,0,10.73322457,2.28,7.055248619,0.415365105,35887545.09,211.0187651,2.060726103
321,115,Bay City Creek,16.0344,2,28.74382577,19.08396947,43.99416255,4.888863943,1.756847777,1.403233049,0.028064661,0.10103278,0.162908599,59.80076155,0,0,0,0,100,0,0,4.270362994,1.64,5.5,0.049752492,4298615.271,18.35508721,1.144731777
318,116,Fish Creek,339.867,5,20.4361412,4.447475042,58.66006408,7.022747133,1.104520298,7.938458279,0.001059238,0.38953473,1.179627087,90.13907447,0,0,0,0,100,0,0,1.774563305,1.31,4.615384615,0.005447477,470662.0203,5.280827867,1.321826204
317,117, ,6.7815,2,38.67285999,5.799601858,41.95089582,10.65693431,0,2.919708029,0,0,0.485613732,25.58217963,0,0,0,0,100,0,0,3.780430484,3.03,4.191489362,0.151744015,13110682.86,34.34998909,0.41194891
316,118,Whittlesey Creek,77.2524,2,7.80092269,3.453096603,69.53609208,2.642248008,0.717647607,15.59835034,0,0.251642667,1.896575004,132.305816,0,0,0,0,100,0,0,1.392284127,1.03,4.6875,0.026932202,2326942.25,18.15014955,1.796119775
312,119,Boyd Creek,10.8648,2,12.85619616,4.092113983,64.47150431,4.688535454,2.186878728,11.64678595,0.057985421,0,0.487407976,58.90090752,0,0,0,0,100,0,0,5.059088424,2.51,4.874074074,0.533830991,46122997.66,301.1831747,2.238717517
308,120,Thompson Creek,15.7113,2,13.53611732,7.464054534,70.33281778,3.001661225,2.268431002,3.351091253,0.040098528,0.005728361,0.722324405,35.271856,0,0,0,0,100,0,0,2.101917313,1.33,4.833333333,0.02617719,2261709.184,22.70756021,2.571928895
306,121, ,3.8601,1,24.31802285,7.414315691,62.36885055,4.756353462,0,0.932618326,0,0.209839123,0.850162545,21.73605037,0,0,0,0,100,0,0,23.82738491,2.7,5.38277512,1.865728469,161198939.8,896.2661051,3.707093026
304,122,Sioux River,189.3798,3,3.551909971,4.745701495,78.41860642,4.470064917,1.999315661,6.482211936,0,0.3321896,2.491714966,108.560136,0,0,0,0,100,0,0,2.509828237,2.24,4.027777778,0.01210147,1045566.991,3.188979322,0.398438138
302,123,Onion River,17.5914,2,1.345543845,2.798526553,83.06047273,7.505371943,0.306968178,4.98311675,0,0,1.719631131,50.39214897,0,0,0,0,100,0,0,1.48968476,0.9,4.6,0.043542234,3762049.056,12.22665943,1.981212942
300,124, ,83.3841,3,1.763645587,2.546168874,86.00848363,4.119850187,1.259592656,4.131722954,0.029142247,0.141393863,2.130834187,100.0109038,0,0,0,0,100,0,0,2.624804924,1.44,4.756097561,0.008711305,752656.743,2.89772846,0.588072747
298,125, ,3.4623,1,20.74343644,13.36106057,64.54380036,0.259942813,0,1.091759813,0,0,2.505807405,35.4990401,0,0,0,0,100,0,0,2.21030298,1.46,5.060606061,0.091801184,7931622.255,81.616393,2.71649885
296,126,Brickyard Creek,4.9275,1,7.799086758,6.611872146,82.3196347,2.00913242,0.401826484,0.639269406,0.219178082,0,2.338546789,46.60391984,0,0,0,0,100,0,0,3.851467037,2.69,5.047169811,0.063749502,5507956.94,56.07100165,2.64357419
292,127, ,20.1447,1,2.667202788,5.892865121,84.28718224,2.64039673,3.399901711,0.616539338,0.39315552,0.102756556,0.911120316,49.80051073,0,0,0,0,100,0,0,3.215799745,2.06,4.956521739,0.003698344,319536.8937,3.038795859,0.705482625
290,128,Raspberry River,39.7836,3,2.811962718,3.628630893,83.10786354,3.332277622,2.603836757,4.436250113,0,0.079178355,0.946958802,51.13972559,0,0,0,0,100,0,0,2.79324211,2.28,4.432432432,0.039612331,3422505.394,67.69715668,5.24723146
284,129,Sand River,99.1008,3,3.024193548,2.699978204,83.08086312,5.164741354,1.234197908,4.68159692,0.000908166,0.113520779,1.187938427,75.54487352,0,0,0,0,100,0,0,1.874160945,1.12,4.954545455,0.011665524,1007901.304,29.03763657,8.603744169
280,130,Saxine Creek,8.0037,3,1.664230293,2.33891825,91.70133813,1.844147082,0,2.451366243,0,0,0.481047098,39.15294601,0,0,0,0,100,0,0,3.048094895,0.43,5.153846154,0.009551712,825267.9463,6.503111417,1.035791191
276,131,Siskiwit River,72.378,2,0.676448645,5.284755036,77.98060184,7.043024123,2.338970405,4.428002984,0,2.248196966,2.567856051,111.0775294,0,0,0,0,100,0,0,2.694376805,2.1,4.693548387,0.015378305,1328685.574,6.749722714,1.108601908
272,132,Lost Creek Number One,24.7059,2,2.779498015,6.156424174,73.99730429,3.96342574,1.919784343,10.7464209,0.007285709,0.429856836,0.836807441,49.81924945,0,0,0,0,100,0,0,1.806102287,1.72,5,0.028234396,2439451.826,11.29466195,1.098147042
270,133, ,23.1813,2,2.888535155,2.616764375,77.86621113,6.192491362,0.955080172,9.399386575,0,0.081531234,1.079605321,49.06035949,0,0,0,0,100,0,0,1.323990087,1.48,4.590909091,0.015883427,1372328.119,21.31225569,1.831988558
268,134, ,14.454,2,7.067247821,4.402241594,66.65628892,10.59153176,0.217932752,8.742216687,0.0249066,2.297633873,1.335114983,17.69978978,0,0,0,0,100,0,0,25.78226505,3.06,2.766129032,16.18545179,1398423035,16039.91221,7.647546224
266,135, ,3.627,1,17.19602978,7.419354839,65.8560794,4.143920596,0,5.384615385,0,0,0.8024146,16.62176024,0,0,0,0,100,0,0,8.910254077,2.79,5.640350877,0.585977743,50628476.96,774.1094126,7.604292897
264,136,Cranberry River,176.8707,3,1.538242343,4.123181511,76.59459707,3.433185938,2.122397887,12.07594022,0,0.112455031,2.075401101,117.417472,0,0,0,0,100,0,0,1.601167744,1.94,5.03125,0.006179591,533916.6658,1.179955831,0.340801153
260,137,Flag River,118.3509,4,7.874464833,4.706428088,72.5089543,7.43644535,1.337632413,5.910981666,0,0.225093345,1.248355766,58.80275792,0,0,0,0,100,0,0,4.799768409,2.99,4.647798742,0.01138887,983998.4101,13.44141828,1.790971244
258,138, ,11.2977,2,12.84951804,3.465307098,71.449056,8.117581455,0.087628455,4.007010276,0,0.02389867,0.152633632,23.85237266,0,0,0,0,100,0,0,14.53489641,2.84,5.833333333,0.645227966,55747696.3,566.9540713,7.392726003
254,139,Iron River,422.4465,4,7.527509401,6.044931133,65.29629196,8.641520287,1.313420753,8.654516016,0.151900892,2.369909563,1.982235326,74.51380377,3.191410037,0.817665669,0,0,95.07611023,0.914814065,0,2.713564241,2.5,5,0.014459386,1249290.955,8.645093411,1.736067115
250,140, ,31.0374,2,21.78275242,5.927042858,63.67511454,6.582381256,0.066693731,1.951516557,0,0.014498637,0.661876505,27.77040066,22.21481181,0,0,0,77.78518819,0,0,3.185355997,2.39,5.131578947,0.040858506,3530174.959,7.413367414,0.471849396
248,141,Fish Creek,36.7623,3,11.08282126,4.742086322,68.81043896,7.824320024,0.609591892,6.766714814,0,0.164026734,0.223520387,28.50515033,8.127891889,0,0,0,91.87210811,0,0,6.616166667,3.42,6.590425532,0.02243764,1938612.083,14.32634329,2.401653472
242,142,Bois Brule River,515.1636,3,2.126295414,5.33294666,66.45463693,10.46079343,4.391478746,9.055492275,0.010482107,2.167874438,2.899926745,54.14107948,25.74492841,21.60327321,0,0,50.14343016,2.508368215,0,2.257990328,2.38,5.036363636,0.044524627,3846927.799,21.46585712,1.270627689
252,143, ,4.7916,1,0,2.197595793,88.29827198,6.480090158,0,2.892561983,0,0.13148009,0.141928839,22.7316637,0,0,0,0,100,0,0,17.31404472,3.49,4.890453834,0.020396444,1762252.744,25.00636644,5.504130666
220,144,Poplar River,101.799,3,12.92458669,5.622845018,59.24675095,16.96578552,0.923879409,4.151710724,0,0.164441694,0.547132071,19.21208834,75.62196092,0,0,0,24.37803908,0,0,15.28681452,3.22,6.137019231,0.062280636,5381046.963,28.3581175,1.878780004
216,145,Middle River,142.5681,3,8.494466855,5.404364651,58.2447967,22.35415917,0.577618696,4.756674179,0,0.167919752,0.510364503,18.74784625,92.55219085,0,0,0,7.447809152,0,0,11.32081508,3.19,6.121311475,0.650164018,56174171.15,416.2506082,1.418822535
212,146,Amnicon River,341.3376,4,6.980625633,3.776788728,59.44249916,20.75783623,0.96133564,6.411892508,0.001318343,1.667703763,0.548099157,16.38389663,88.40992027,0,0,0,11.59007973,0,0,9.927555049,3.18,5.90942029,0.08600953,7431223.378,62.19933967,3.67432492
210,147, ,3.375,1,10.74666667,5.146666667,83.04,0.56,0,0.48,0,0.026666667,0.145702187,32.97555101,0,0,0,0,100,0,0,28.80840563,2.61,5.100131752,0.12863285,11113878.23,85.68800112,5.140591228
206,148,Dutchman Creek,18.0954,2,3.859544415,7.032726549,83.86551278,3.42683776,1.138963493,0.676415,0,0,0.157883562,15.84960029,20.23773998,0,0,0,79.76226002,0,0,15.39001897,2.96,6.19160105,0.717114842,61958722.32,775.1036162,5.649052115
202,149, ,6.6222,1,1.195977168,11.87822778,76.16200054,5.477031802,3.234574613,1.766784452,0,0.285403642,0.162154118,29.23902859,0,0,0,0,100,0,0,16.0977066,2.5,7.45035461,1.49169056,128882064.4,747.5159734,1.944590054
200,150,Bear Creek,23.7609,2,11.38214462,8.810272338,71.36850877,3.810461725,2.045377069,1.469641301,0.227264119,0.886330063,0.149967066,24.06663096,4.677853112,0,0,0,95.32214689,0,0,19.51082508,2.9,6.474725275,0.074501843,6436959.228,49.43584687,2.83225321
198,151,Bluff Creek,50.526,3,14.21802636,5.703598147,68.49305308,3.621303883,1.136444603,6.546134663,0.119344496,0.162094763,0.173366321,18.47580633,26.74741717,0,0,0,73.25258283,0,0,6.911773689,3.03,5.966850829,0.020542986,1774913.952,8.058109341,0.667769602
196,152, ,3.951,1,0.797266515,58.56492027,26.74259681,6.332574032,1.070615034,6.104783599,0,0.387243736,0.152350642,31.26889487,0,0,0,0,100,0,0,8.30577089,2.99,5.67699115,3.146922077,271894067.5,1479.103727,3.496267664
197,153,Nemadji River,1132.6464,5,10.12716767,3.408830858,48.30734464,26.85252873,1.81192471,7.961725742,0.016924964,1.513552685,1.247498349,48.50968861,30.8770151,26.15701599,0.997222081,0,15.68078087,26.28796595,0,5.376976135,2.75,6.254098361,0.220110335,19017532.96,60.66593015,1.954607349
194,154, ,12.1365,1,0.237300704,70.063033,19.35483871,8.335187245,0.511679644,1.438635521,0,0.059325176,0.161054199,48.12453376,0,0,0,0,100,0,0,10.02338775,2.65,6.710144928,0.182328969,15753222.91,90.58103173,0.403824527
187,155,Little Pokegama River,16.938,2,0.201912859,3.347502657,41.82252922,48.51222104,0.1434644,5.775770457,0,0.196599362,0.149189835,104.9901542,0,0,0,0,100,0,0,3.270131078,2.26,6,0.055476934,4793207.132,73.76745776,4.076586191
185,156, ,3.456,1,0.208333333,16.35416667,73.90625,8.229166667,0.260416667,0.807291667,0,0.234375,0.148583519,116.3726415,0,0,0,0,100,0,0,6.049279386,1.89,6.113402062,0.012285241,1061444.849,10.63567738,0.876338103
179,157,Saint Louis River,9259.3746,6,3.213061496,3.159106448,33.70633369,46.28873639,1.328833807,7.291930926,1.210873356,3.80112389,0.42691987,21.1460836,29.87360075,2.410656331,0.563033706,3.064434827,0.589685614,63.49858877,0,10.90062554,3.11,6.632575758,0.115810067,10005989.82,68.84120993,0.499407381
177,158,Mission Creek,28.4436,3,9.625363878,12.07442096,61.21693457,11.84027338,0.389191242,4.752562967,0,0.101253006,0.298530717,9.296400155,11.6789014,0,0,0,0,88.3210986,0,5.855402462,2.27,6.784313725,0.081764255,7064431.652,52.55937149,2.619155117
175,159,Sargent Creek,8.4312,1,2.049530316,9.094790777,76.87873612,7.867207515,0.18146883,2.273697694,1.654568745,0,0.33042498,32.75647539,68.41374893,0,0,0,0,31.58625107,0,1.341682278,0.79,7.857142857,0.014225149,1229052.903,14.77321589,1.895678984
164,160,Keene Creek,15.4026,1,1.361458455,31.19668108,46.62849129,16.24985392,0.315531144,4.166179736,0.011686339,0.070118032,0.329136179,1.301447641,100,0,0,0,0,0,0,11.70414588,2.09,5.733031674,0.955651725,82568309.02,819.9033086,1.172588161
160,161,Miller Creek,26.127,2,0.599379952,56.13503272,22.76954874,15.57354461,0.764726145,3.975198071,0.048225973,0.134343782,0.329174876,1.781907728,100,0,0,0,0,0,0,5.542840424,2.46,6.663551402,0.03988917,3446424.273,54.55689625,4.430873007
156,162,Tischer Creek,20.0925,2,0.909294513,47.1668533,35.77155655,10.04255319,1.052631579,4.70324748,0,0.353863382,0.316777414,1.490133359,100,0,0,0,0,0,0,3.775832865,2.33,6.013157895,0.043905349,3793422.185,6.866094155,0.277913136
154,163,Lester River,137.8458,3,6.578002377,6.555803659,54.74073204,22.67468432,0.540604066,7.78195636,0.088141967,1.040075214,0.309592583,1.628566419,100,0,0,0,0,0,0,6.882286704,2.82,6.248447205,0.028807687,2488984.16,14.58544718,0.512784851
150,164, ,4.3074,2,2.507312996,5.119097367,85.24864187,3.259506895,0.835770999,3.02966987,0,0,0.190095703,1.021976488,100,0,0,0,0,0,0,9.514737263,3.08,6.011857708,0.355450603,30710932.12,419.5113327,9.10771416
148,165,French River,47.9484,3,2.648472108,3.06329304,62.63796081,24.01456566,0.780839402,6.306779788,0.013139125,0.534950071,0.312198684,2.086831748,100,0,0,0,0,0,0,5.734505824,3.25,5.854545455,0.232526617,20090299.67,124.9616639,2.792845082
144,166,Big Sucker Creek,98.0901,3,1.022121498,1.970841094,56.34880584,27.6991256,1.399223775,10.79925497,0,0.760627219,0.313943178,1.471394931,100,0,0,0,0,0,0,8.335257875,3.16,6.228310502,0.013535609,1169476.585,13.68287605,0.888348464
140,167,Knife River,224.3079,4,3.414101777,2.877250422,63.40944746,20.73979561,1.016727454,7.994190129,0.289289856,0.259197291,0.254008424,1.446193126,100,0,0,0,0,0,0,5.751460841,2.85,6.204379562,0.016176921,1397686.011,6.652985414,1.768893519
136,168, ,6.2784,2,3.942087156,31.37901376,52.19323394,2.737958716,1.648509174,7.769495413,0.229357798,0.100344037,0.161932279,0.795130445,100,0,0,0,0,0,0,7.878209612,2.66,6.204545455,0.014197912,1226699.631,5.029468488,1.606756274
132,169,Stewart River,83.3382,3,4.164236809,2.765718482,58.62113653,25.068576,1.427676624,6.362988401,0.010799369,1.578867794,0.294460916,1.532237847,100,0,0,0,0,0,0,6.472417616,2.81,6.3,0.034399941,2972154.899,76.62215329,5.301103729
130,170,Silver Creek,51.156,3,1.268472906,3.311048557,70.3166784,16.27199156,0.946516538,7.704081633,0.049261084,0.131949331,0.254521409,1.337816766,100,0,0,0,0,0,0,9.551595994,3.08,6.289256198,2.94319967,254292451.5,1413.86603,4.580185066
126,171,Crow Creek,15.2505,2,2.165830629,2.325169667,74.35821776,11.43110062,1.640601947,7.866627324,0,0.212452051,0.239090064,1.564639998,100,0,0,0,0,0,0,9.448391548,3,6.142259414,0.19160195,16554408.5,343.5039765,3.444622705
120,172, ,7.5051,2,0,1.606907303,82.16812567,5.204460967,1.007315026,9.821321501,0,0.191869529,0.176612337,0.757083874,100,0,0,0,0,0,0,13.65765861,2.91,6.241691843,0.089781159,7757092.156,124.8116128,10.7279005
112,173,West Split Rock River,113.337,4,1.183991106,0.810767887,57.21035496,31.78432462,0.821885174,7.73842611,0.004764552,0.445485587,0.27205388,2.108031787,100,0,0,0,0,0,0,8.195194698,3.16,6.246511628,0.144420699,12477948.43,114.6723461,2.572195778
106,174,Beaver River,318.7278,4,0.388827081,2.018964144,56.11139035,29.46925245,0.947924844,7.134708676,1.265594027,2.663338435,0.304576394,1.568499842,100,0,0,0,0,0,0,10.95222777,2.8,7.227272727,1.226592897,105977626.3,773.6366723,1.263809267
104,175,Palisade Creek,14.7123,2,0,1.119471463,85.50804429,7.499847067,0.097877286,4.00685141,0,1.767908485,0.293636696,0.457200004,100,0,0,0,0,0,0,7.80449215,3.07,6.179104478,0.481747191,41622957.28,131.528545,1.193070851
102,176,Baptism River,358.4448,3,0.06427768,2.03780331,55.64413265,33.62325245,0.809999197,6.820966576,0.017575928,0.981992206,0.352332,1.448436772,100,0,0,0,0,0,0,8.947112808,3.31,6.215447154,11.99511573,1036377999,7296.101111,2.027672598
98,177,Little Marais River,12.0672,1,0,0.432577566,62.11963007,12.11963007,3.803699284,21.44242243,0,0.082040573,0.340998394,0.444500005,100,0,0,0,0,0,0,4.543968817,2.74,6.221153846,0.017420232,1505108.077,9.798253579,1.29900351
91,178,Caribou River,59.9571,2,0.037526832,0.810579564,72.84858674,20.29000736,0.208649184,5.582491481,0,0.222158844,0.331559028,0.877874387,100,0,0,0,0,0,0,3.746345881,2.76,5.815217391,0.050183524,4335856.437,84.59255908,3.560158036
87,179, ,49.7736,3,0.18624331,2.081223781,69.19029365,22.07796904,0.160928685,4.50781137,0.256762621,1.538767539,0.368310854,1.510075131,100,0,0,0,0,0,0,6.120048149,3.42,5.595854922,0.259496255,22420476.4,78.47166739,1.235836568
83,180,Temperance River,612.1467,4,0,1.330122338,60.61517607,22.71234983,0.648815063,6.483592903,0.007498203,8.20244559,0.419220701,1.096481836,100,0,0,0,0,0,0,7.300264712,2.98,5.952380952,0.129635684,11200523.13,72.80340036,1.775987246
77,181,Onion River,22.6206,2,0,1.1458582,79.46606191,18.48492082,0,0.747990769,0,0.155168298,0.386567662,1.128764853,100,0,0,0,0,0,0,6.322771169,3.35,5.615384615,0.383422467,33127701.13,204.397916,4.240268773
75,182,Rollins Creek,8.0667,2,0,0.357023318,81.60214214,15.82059578,0,1.628918889,0,0.591319871,0.372274745,0.678425806,100,0,0,0,0,0,0,9.507365517,3.78,5.28125,0.048321963,4175017.572,26.38611105,1.166463801
73,183,Poplar River,293.3775,4,0,2.158754506,60.37886341,23.85735102,0.575504256,5.659022931,0.002147404,7.368356469,0.341395058,1.56239183,100,0,0,0,0,0,0,7.413789603,3.15,5.587962963,0.023762455,2053076.153,11.08661122,2.141967817
65,184,Jonvick Creek,7.5429,1,0,2.267032574,85.39553753,4.892017659,0.178976256,7.266435986,0,0,0.355307393,0.508000002,100,0,0,0,0,0,0,6.510013522,3.02,6.041420118,0.28839428,24917265.78,316.2001027,8.460973111
63,185,Spruce Creek,21.5208,2,0,1.334058213,80.33623285,10.06607561,0,1.212780194,0,7.050853128,0.358784445,0.841663649,100,0,0,0,0,0,0,5.929857098,3.55,5.225961538,0.003470699,299868.4056,1.814203854,0.524943245
57,186,Cascade River,289.2573,3,0.004044842,1.206296263,63.51801666,25.34466719,0.764163947,4.703839799,0,4.458971303,0.336510925,0.907042768,100,0,0,0,0,0,0,5.821492429,3.23,5.791666667,0.008761889,757027.2003,1.014416448,0.120316971
53,187,Cut Face Creek,6.0885,2,0.694752402,4.331116038,82.18773097,2.246858832,0,10.53954176,0,0,0.273107144,0.195072002,100,0,0,0,0,0,0,5.083580637,2.63,6.078947368,0.727460333,62852572.74,321.8051724,4.511074558
47,188,Fall River,12.7431,2,0.303693764,2.740306519,58.42220496,27.20531111,0.275443181,11.05304047,0,0,0.393561215,0.076200001,100,0,0,0,0,0,0,8.202566444,3.55,5.263157895,0.017426318,1505633.836,14.31857778,1.775022969
41,189,Devil Track River,200.2122,4,0.28095191,2.354152244,56.46773773,17.99260984,2.813564808,13.17776839,0.015733307,6.897481772,0.356455173,0.394898118,100,0,0,0,0,0,0,4.8174606,2.81,6.194690265,0.09416416,8135783.393,32.05498657,1.32207319
39,190,Durfee Creek,10.2852,1,0,1.391319566,92.32586629,0.315015751,1.715085754,4.182709135,0,0.0700035,0.358367891,0.101600001,100,0,0,0,0,0,0,4.627269549,2.61,6.207920792,0.616879865,53298420.34,128.9821772,2.138592963
35,191,Kimball Creek,35.8677,3,0,2.037487768,72.88535367,6.922941811,1.329887336,14.73916644,0.035129099,2.050033874,0.378592942,0.29192113,100,0,0,0,0,0,0,5.744826269,3.28,5.668604651,0.269839316,23314116.87,154.3394537,4.198307877
31,192,Kadunce River,27.783,2,0,1.933916424,71.30547457,13.47586654,0,8.814382896,0,4.470359572,0.335475595,0.288897395,100,0,0,0,0,0,0,6.171650373,3.67,5.025751073,0.106137473,9170277.642,18.98247472,0.912228648
29,193, ,4.9797,1,0.86752214,4.879812037,88.74028556,2.259172239,0.144587023,3.108621001,0,0,0.479167793,0.336884221,100,0,0,0,0,0,0,6.924305657,3.15,5.81025641,0.338734351,29266647.89,80.19061522,1.273631087
25,194,Brule River,538.2945,4,0.002173531,1.863050802,60.24259954,17.90337817,1.29308399,11.67019169,0.006854984,7.018667291,0.250749604,0.572512455,99.93479406,0,0,0,0,0.065205942,0,7.494878811,2.99,6.126984127,0.042303477,3655020.37,43.78714403,7.987585332
21,195,Flute Reed River,40.2696,3,0,2.478544609,86.64848918,6.727158949,0.572143751,2.816020025,0,0.757643483,0.246434685,0.423333339,100,0,0,0,0,0,0,11.70384049,3,6.487544484,0.112346254,9706716.386,116.9659324,8.034257367
17,196,Carlson Creek,16.6869,2,0.086295238,1.839167251,80.74537511,12.77169516,1.289035111,2.77762796,0,0.490804164,0.320573436,0.801858462,100,0,0,0,0,0,0,11.5987175,2.8,6.607843137,0.04884346,4220074.961,72.37428558,7.137925872
13,197,Reservation River,44.5815,3,0,0.930655092,74.52912082,15.70808519,0.506712426,3.722620369,0,4.602806097,0.306154526,0.743164048,94.09104673,0,0,0,0,5.908953265,0,9.187896839,3.29,5.861423221,0.84537461,73040366.29,361.5498131,3.967076301
5,198, ,5.9382,1,0,1.30342528,66.38375265,16.292816,0.07578054,11.97332525,0,3.970900273,NA,0.292100002,95.86238254,0,0,0,0,4.13761746,0,14.19875955,3.26,5.754807692,0.462126715,39927748.21,437.2088429,1.371731123
3,199, ,18.7416,2,0.124855935,3.010948905,69.81367653,14.59854015,0.182481752,10.93449866,0,1.334998079,NA,1.081825371,93.23376873,0,0,0,0,6.766231272,0,17.58192786,3.89,4.317073171,0.068883986,5951576.361,73.56148382,4.421692292
1,200,Pigeon River,1580.666196,4,0,0.980209125,60.74563401,16.38008158,1.430212187,8.398613399,0.001194831,12.06405487,0.264190814,0.700729477,57.13085108,25.37050407,2.088021336,0,0,15.41062351,0,6.159653795,2.55,6.090225564,0.470570681,40657306.81,147.9925968,3.421548902
